/*
Navicat MySQL Data Transfer

Source Server         : local_mySQL
Source Server Version : 50022
Source Host           : localhost:3306
Source Database       : ssm_ypfzglxt

Target Server Type    : MYSQL
Target Server Version : 50022
File Encoding         : 65001

Date: 2019-02-27 13:51:20
*/

SET FOREIGN_KEY_CHECKS=0;

-- ----------------------------
-- Table structure for `admin`
-- ----------------------------
DROP TABLE IF EXISTS `admin`;
CREATE TABLE `admin` (
  `adminid` varchar(255) NOT NULL,
  `username` varchar(255) default NULL,
  `password` varchar(255) default NULL,
  `realname` varchar(255) default NULL,
  `sex` varchar(255) default NULL,
  `birthday` varchar(255) default NULL,
  `contact` varchar(255) default NULL,
  `address` varchar(255) default NULL,
  `role` varchar(255) default NULL,
  `memo` varchar(255) default NULL,
  `addtime` varchar(255) default NULL,
  PRIMARY KEY  (`adminid`)
) ENGINE=InnoDB DEFAULT CHARSET=utf8;

-- ----------------------------
-- Records of admin
-- ----------------------------
INSERT INTO `admin` VALUES ('1', 'admin', 'admin', '管理员', '男', '2019-02-23', '-', '-', '管理员', '123123', '2019-02-23');
INSERT INTO `admin` VALUES ('A20190223153727304', '123123', '123123', '张三', '男', '2019-02-23', '123123', '123123', '用户', '123123', '2019-02-23');
INSERT INTO `admin` VALUES ('A20190225132055611', '234234', '234234', '李四', '男', '2019-02-25', '234234', '234234', '用户', '234234', '2019-02-25');

-- ----------------------------
-- Table structure for `buy`
-- ----------------------------
DROP TABLE IF EXISTS `buy`;
CREATE TABLE `buy` (
  `buyid` varchar(255) NOT NULL,
  `buyno` varchar(255) default NULL,
  `drugsid` varchar(255) default NULL,
  `num` varchar(255) default NULL,
  `price` varchar(255) default NULL,
  `adminid` varchar(255) default NULL,
  `addtime` varchar(255) default NULL,
  `memo` varchar(255) default NULL,
  PRIMARY KEY  (`buyid`)
) ENGINE=InnoDB DEFAULT CHARSET=utf8;

-- ----------------------------
-- Records of buy
-- ----------------------------
INSERT INTO `buy` VALUES ('B20190223220934211', 'B20190223220923138', 'D20190223190705465', '20', '1.5', '1', '2019-02-23', '123');
INSERT INTO `buy` VALUES ('B20190223220947378', 'B20190223220934508', 'D20190223190656265', '200', '15.5', '1', '2019-02-23', '123');
INSERT INTO `buy` VALUES ('B20190225132257653', 'B20190225132236291', 'D20190225132154702', '40', '8.2', '1', '2019-02-25', '123123');

-- ----------------------------
-- Table structure for `cate`
-- ----------------------------
DROP TABLE IF EXISTS `cate`;
CREATE TABLE `cate` (
  `cateid` varchar(255) NOT NULL,
  `catename` varchar(255) default NULL,
  `memo` varchar(255) default NULL,
  `addtime` varchar(255) default NULL,
  PRIMARY KEY  (`cateid`)
) ENGINE=InnoDB DEFAULT CHARSET=utf8;

-- ----------------------------
-- Records of cate
-- ----------------------------
INSERT INTO `cate` VALUES ('C20190223153740387', '西药', '西药', '2019-02-23');
INSERT INTO `cate` VALUES ('C20190224142535373', '中成药', '中成药', '2019-02-24');

-- ----------------------------
-- Table structure for `conf`
-- ----------------------------
DROP TABLE IF EXISTS `conf`;
CREATE TABLE `conf` (
  `confid` varchar(255) NOT NULL,
  `cycles` varchar(255) default NULL,
  `themax` varchar(255) default NULL,
  `themin` varchar(255) default NULL,
  `parama` varchar(255) default NULL,
  `paramb` varchar(255) default NULL,
  PRIMARY KEY  (`confid`)
) ENGINE=InnoDB DEFAULT CHARSET=utf8;

-- ----------------------------
-- Records of conf
-- ----------------------------
INSERT INTO `conf` VALUES ('1', '5', '200', '20', '0.8', '0.5');

-- ----------------------------
-- Table structure for `detemine`
-- ----------------------------
DROP TABLE IF EXISTS `detemine`;
CREATE TABLE `detemine` (
  `detemineid` varchar(255) NOT NULL,
  `adminid` varchar(255) default NULL,
  `drugsid` varchar(255) default NULL,
  `num` varchar(255) default NULL,
  `addtime` varchar(255) default NULL,
  PRIMARY KEY  (`detemineid`)
) ENGINE=InnoDB DEFAULT CHARSET=utf8;

-- ----------------------------
-- Records of detemine
-- ----------------------------
INSERT INTO `detemine` VALUES ('D20190224234523108', 'A20190223153727304', 'D20190224211859364', '1.0', '2019-02-24');
INSERT INTO `detemine` VALUES ('D20190224234525599', 'A20190223153727304', 'D20190224143023293', '2.0', '2019-02-24');
INSERT INTO `detemine` VALUES ('D20190224234528451', 'A20190223153727304', 'D20190223221125599', '3.0', '2019-02-24');
INSERT INTO `detemine` VALUES ('D20190224234532342', 'A20190223153727304', 'D20190223221116721', '4.0', '2019-02-24');
INSERT INTO `detemine` VALUES ('D20190225132345617', 'A20190225132055611', 'D20190224211859364', '3.0', '2019-02-25');

-- ----------------------------
-- Table structure for `drugs`
-- ----------------------------
DROP TABLE IF EXISTS `drugs`;
CREATE TABLE `drugs` (
  `drugsid` varchar(255) NOT NULL,
  `drugsname` varchar(255) default NULL,
  `cateid` varchar(255) default NULL,
  `price` varchar(255) default NULL,
  `snum` varchar(255) default NULL,
  `product` varchar(255) default NULL,
  `memo` varchar(255) default NULL,
  `addtime` varchar(255) default NULL,
  `dno` varchar(255) default NULL,
  PRIMARY KEY  (`drugsid`)
) ENGINE=InnoDB DEFAULT CHARSET=utf8;

-- ----------------------------
-- Records of drugs
-- ----------------------------
INSERT INTO `drugs` VALUES ('D20190223190656265', '阿司匹林', 'C20190223153740387', '18.9', '201.8', '阿司匹林', '阿司匹林', '2019-02-23', 'z1234561');
INSERT INTO `drugs` VALUES ('D20190223190705465', '扑热息痛', 'C20190223153740387', '2', '210.7', '扑热息痛', '扑热息痛', '2019-02-23', 'z1234562');
INSERT INTO `drugs` VALUES ('D20190223221055754', '酚加码敏胶囊', 'C20190223153740387', '22.9', '163.0', '酚加码敏胶囊', '酚加码敏胶囊', '2019-02-23', 'z1234563');
INSERT INTO `drugs` VALUES ('D20190223221105552', '胆康胶囊', 'C20190223153740387', '22.9', '154.0', '胆康胶囊', '胆康胶囊', '2019-02-23', 'z1234564');
INSERT INTO `drugs` VALUES ('D20190223221116721', '罗红霉素胶囊', 'C20190223153740387', '35', '140.6', '罗红霉素胶囊', '罗红霉素胶囊', '2019-02-23', 'z1234565');
INSERT INTO `drugs` VALUES ('D20190223221125599', '阿莫西林胶囊', 'C20190223153740387', '42', '12.0', '阿莫西林胶囊', '阿莫西林胶囊', '2019-02-23', 'z1234566');
INSERT INTO `drugs` VALUES ('D20190224143023293', '六味地黄丸', 'C20190224142535373', '25', '328.1', '六味地黄丸', '六味地黄丸', '2019-02-24', 'z1234567');
INSERT INTO `drugs` VALUES ('D20190224211859364', '龙胆泻肝丸', 'C20190224142535373', '32.9', '0', '龙胆泻肝丸', '龙胆泻肝丸', '2019-02-24', 'z1234568');
INSERT INTO `drugs` VALUES ('D20190225132154702', '金嗓子喉宝', 'C20190224142535373', '12', '40.0', '金嗓子喉宝', '金嗓子喉宝', '2019-02-25', 'z1234569');

-- ----------------------------
-- Table structure for `orders`
-- ----------------------------
DROP TABLE IF EXISTS `orders`;
CREATE TABLE `orders` (
  `ordersid` varchar(255) NOT NULL,
  `ordercode` varchar(255) default NULL,
  `adminid` varchar(255) default NULL,
  `drugsid` varchar(255) default NULL,
  `num` varchar(255) default NULL,
  `price` varchar(255) default NULL,
  `total` varchar(255) default NULL,
  `addtime` varchar(255) default NULL,
  `status` varchar(255) default NULL,
  PRIMARY KEY  (`ordersid`)
) ENGINE=InnoDB DEFAULT CHARSET=utf8;

-- ----------------------------
-- Records of orders
-- ----------------------------
INSERT INTO `orders` VALUES ('0O1e9ab8e4-d416-44be-83e0-c2645d906bb01', 'DO20190224171812', 'A20190223153727304', 'D20190223221125599', '20.0', '442', '840.0', '2019-03-02', '未完成');
INSERT INTO `orders` VALUES ('0O2743deee-d78f-4bd2-a4fa-f9c34018f57d2', 'DO20190224171818', 'A20190223153727304', 'D20190223221125599', '47.0', '942', '1974.0', '2019-03-02', '完成');
INSERT INTO `orders` VALUES ('0O32292501-555d-4037-b04f-1f750d49c33d3', 'DO20190224171738', 'A20190223153727304', 'D20190224143023293', '15.0', '825', '375.0', '2019-03-02', '未完成');
INSERT INTO `orders` VALUES ('0O54d3aec9-2250-4916-ace8-e5b484bf44324', 'DO20190224171759', 'A20190223153727304', 'D20190224143023293', '26.0', '725', '650.0', '2019-03-02', '完成');
INSERT INTO `orders` VALUES ('0O556310ef-a667-48a1-b1f5-4d3e14c179235', 'DO20190224171818', 'A20190223153727304', 'D20190223221125599', '33.0', '642', '1386.0', '2019-03-02', '未完成');
INSERT INTO `orders` VALUES ('0Oa762b794-2d47-40aa-8b0f-3b478381a29a6', 'DO20190224171806', 'A20190223153727304', 'D20190223221125599', '16.0', '542', '672.0', '2019-03-02', '完成');
INSERT INTO `orders` VALUES ('0Ob9102f9a-4a7b-4058-992a-31f24bf8dab17', 'DO20190224171755', 'A20190223153727304', 'D20190224143023293', '22.0', '425', '550.0', '2019-03-02', '未完成');
INSERT INTO `orders` VALUES ('0Oc966e450-2cf1-421e-8971-eb7cf66734518', 'DO20190224171749', 'A20190223153727304', 'D20190224143023293', '21.0', '325', '525.0', '2019-03-02', '完成');
INSERT INTO `orders` VALUES ('0Oc9a19a34-aa38-4ba4-9105-f5c55d70390e9', 'DO20190224171746', 'A20190223153727304', 'D20190224143023293', '20.0', '225', '500.0', '2019-03-02', '未完成');
INSERT INTO `orders` VALUES ('0Oe1bed96b-2164-4a60-8535-c133791860e40', 'DO20190224171818', 'A20190223153727304', 'D20190223221125599', '31.0', '142', '1302.0', '2019-03-02', '完成');
INSERT INTO `orders` VALUES ('1O1e9ab8e4-d416-44be-83e0-c2645d906bb01', 'DO20190224171812', 'A20190223153727304', 'D20190223221125599', '20.0', '142', '840.0', '2019-02-21', '完成');
INSERT INTO `orders` VALUES ('1O2743deee-d78f-4bd2-a4fa-f9c34018f57d2', 'DO20190224171818', 'A20190223153727304', 'D20190223221125599', '47.0', '142', '1974.0', '2019-02-21', '完成');
INSERT INTO `orders` VALUES ('1O32292501-555d-4037-b04f-1f750d49c33d3', 'DO20190224171738', 'A20190223153727304', 'D20190224143023293', '15.0', '125', '375.0', '2019-02-21', '未完成');
INSERT INTO `orders` VALUES ('1O54d3aec9-2250-4916-ace8-e5b484bf44324', 'DO20190224171759', 'A20190223153727304', 'D20190224143023293', '26.0', '125', '650.0', '2019-02-21', '完成');
INSERT INTO `orders` VALUES ('1O556310ef-a667-48a1-b1f5-4d3e14c179235', 'DO20190224171818', 'A20190223153727304', 'D20190223221125599', '33.0', '142', '1386.0', '2019-02-21', '未完成');
INSERT INTO `orders` VALUES ('1Oa762b794-2d47-40aa-8b0f-3b478381a29a6', 'DO20190224171806', 'A20190223153727304', 'D20190223221125599', '16.0', '142', '672.0', '2019-02-21', '完成');
INSERT INTO `orders` VALUES ('1Ob9102f9a-4a7b-4058-992a-31f24bf8dab17', 'DO20190224171755', 'A20190223153727304', 'D20190224143023293', '22.0', '125', '550.0', '2019-02-21', '未完成');
INSERT INTO `orders` VALUES ('1Oc966e450-2cf1-421e-8971-eb7cf66734518', 'DO20190224171749', 'A20190223153727304', 'D20190224143023293', '21.0', '125', '525.0', '2019-02-21', '完成');
INSERT INTO `orders` VALUES ('1Oc9a19a34-aa38-4ba4-9105-f5c55d70390e9', 'DO20190224171746', 'A20190223153727304', 'D20190224143023293', '20.0', '125', '500.0', '2019-02-21', '未完成');
INSERT INTO `orders` VALUES ('1Oe1bed96b-2164-4a60-8535-c133791860e40', 'DO20190224171818', 'A20190223153727304', 'D20190223221125599', '31.0', '142', '1302.0', '2019-02-21', '完成');
INSERT INTO `orders` VALUES ('2O1e9ab8e4-d416-44be-83e0-c2645d906bb01', 'DO20190224171812', 'A20190223153727304', 'D20190223221125599', '20.0', '242', '840.0', '2019-02-22', '未完成');
INSERT INTO `orders` VALUES ('2O2743deee-d78f-4bd2-a4fa-f9c34018f57d2', 'DO20190224171818', 'A20190223153727304', 'D20190223221125599', '47.0', '342', '1974.0', '2019-02-22', '完成');
INSERT INTO `orders` VALUES ('2O32292501-555d-4037-b04f-1f750d49c33d3', 'DO20190224171738', 'A20190223153727304', 'D20190224143023293', '15.0', '425', '375.0', '2019-02-22', '未完成');
INSERT INTO `orders` VALUES ('2O54d3aec9-2250-4916-ace8-e5b484bf44324', 'DO20190224171759', 'A20190223153727304', 'D20190224143023293', '26.0', '525', '650.0', '2019-02-22', '完成');
INSERT INTO `orders` VALUES ('2O556310ef-a667-48a1-b1f5-4d3e14c179235', 'DO20190224171818', 'A20190223153727304', 'D20190223221125599', '33.0', '642', '1386.0', '2019-02-22', '未完成');
INSERT INTO `orders` VALUES ('2Oa762b794-2d47-40aa-8b0f-3b478381a29a6', 'DO20190224171806', 'A20190223153727304', 'D20190223221125599', '16.0', '742', '672.0', '2019-02-22', '完成');
INSERT INTO `orders` VALUES ('2Ob9102f9a-4a7b-4058-992a-31f24bf8dab17', 'DO20190224171755', 'A20190223153727304', 'D20190224143023293', '22.0', '825', '550.0', '2019-02-22', '未完成');
INSERT INTO `orders` VALUES ('2Oc966e450-2cf1-421e-8971-eb7cf66734518', 'DO20190224171749', 'A20190223153727304', 'D20190224143023293', '21.0', '925', '525.0', '2019-02-22', '完成');
INSERT INTO `orders` VALUES ('2Oc9a19a34-aa38-4ba4-9105-f5c55d70390e9', 'DO20190224171746', 'A20190223153727304', 'D20190224143023293', '20.0', '125', '500.0', '2019-02-22', '未完成');
INSERT INTO `orders` VALUES ('2Oe1bed96b-2164-4a60-8535-c133791860e40', 'DO20190224171818', 'A20190223153727304', 'D20190223221125599', '31.0', '242', '1302.0', '2019-02-22', '完成');
INSERT INTO `orders` VALUES ('3O1e9ab8e4-d416-44be-83e0-c2645d906bb01', 'DO20190224171812', 'A20190223153727304', 'D20190223221125599', '20.0', '342', '840.0', '2019-02-23', '未完成');
INSERT INTO `orders` VALUES ('3O2743deee-d78f-4bd2-a4fa-f9c34018f57d2', 'DO20190224171818', 'A20190223153727304', 'D20190223221125599', '47.0', '342', '1974.0', '2019-02-23', '完成');
INSERT INTO `orders` VALUES ('3O32292501-555d-4037-b04f-1f750d49c33d3', 'DO20190224171738', 'A20190223153727304', 'D20190224143023293', '15.0', '325', '375.0', '2019-02-23', '未完成');
INSERT INTO `orders` VALUES ('3O54d3aec9-2250-4916-ace8-e5b484bf44324', 'DO20190224171759', 'A20190223153727304', 'D20190224143023293', '26.0', '325', '650.0', '2019-02-23', '完成');
INSERT INTO `orders` VALUES ('3O556310ef-a667-48a1-b1f5-4d3e14c179235', 'DO20190224171818', 'A20190223153727304', 'D20190223221125599', '33.0', '342', '1386.0', '2019-02-23', '未完成');
INSERT INTO `orders` VALUES ('3Oa762b794-2d47-40aa-8b0f-3b478381a29a6', 'DO20190224171806', 'A20190223153727304', 'D20190223221125599', '16.0', '342', '672.0', '2019-02-23', '完成');
INSERT INTO `orders` VALUES ('3Ob9102f9a-4a7b-4058-992a-31f24bf8dab17', 'DO20190224171755', 'A20190223153727304', 'D20190224143023293', '22.0', '325', '550.0', '2019-02-23', '未完成');
INSERT INTO `orders` VALUES ('3Oc966e450-2cf1-421e-8971-eb7cf66734518', 'DO20190224171749', 'A20190223153727304', 'D20190224143023293', '21.0', '325', '525.0', '2019-02-23', '完成');
INSERT INTO `orders` VALUES ('3Oc9a19a34-aa38-4ba4-9105-f5c55d70390e9', 'DO20190224171746', 'A20190223153727304', 'D20190224143023293', '20.0', '325', '500.0', '2019-02-23', '未完成');
INSERT INTO `orders` VALUES ('3Oe1bed96b-2164-4a60-8535-c133791860e40', 'DO20190224171818', 'A20190223153727304', 'D20190223221125599', '31.0', '342', '1302.0', '2019-02-23', '完成');
INSERT INTO `orders` VALUES ('4O1e9ab8e4-d416-44be-83e0-c2645d906bb01', 'DO20190224171812', 'A20190223153727304', 'D20190223221125599', '20.0', '442', '840.0', '2019-02-25', '未完成');
INSERT INTO `orders` VALUES ('4O2743deee-d78f-4bd2-a4fa-f9c34018f57d2', 'DO20190224171818', 'A20190223153727304', 'D20190223221125599', '47.0', '442', '1974.0', '2019-02-25', '完成');
INSERT INTO `orders` VALUES ('4O32292501-555d-4037-b04f-1f750d49c33d3', 'DO20190224171738', 'A20190223153727304', 'D20190224143023293', '15.0', '425', '375.0', '2019-02-25', '未完成');
INSERT INTO `orders` VALUES ('4O54d3aec9-2250-4916-ace8-e5b484bf44324', 'DO20190224171759', 'A20190223153727304', 'D20190224143023293', '26.0', '425', '650.0', '2019-02-25', '完成');
INSERT INTO `orders` VALUES ('4O556310ef-a667-48a1-b1f5-4d3e14c179235', 'DO20190224171818', 'A20190223153727304', 'D20190223221125599', '33.0', '442', '1386.0', '2019-02-25', '未完成');
INSERT INTO `orders` VALUES ('4Oa762b794-2d47-40aa-8b0f-3b478381a29a6', 'DO20190224171806', 'A20190223153727304', 'D20190223221125599', '16.0', '442', '672.0', '2019-02-25', '完成');
INSERT INTO `orders` VALUES ('4Ob9102f9a-4a7b-4058-992a-31f24bf8dab17', 'DO20190224171755', 'A20190223153727304', 'D20190224143023293', '22.0', '425', '550.0', '2019-02-25', '未完成');
INSERT INTO `orders` VALUES ('4Oc966e450-2cf1-421e-8971-eb7cf66734518', 'DO20190224171749', 'A20190223153727304', 'D20190224143023293', '21.0', '425', '525.0', '2019-02-25', '完成');
INSERT INTO `orders` VALUES ('4Oc9a19a34-aa38-4ba4-9105-f5c55d70390e9', 'DO20190224171746', 'A20190223153727304', 'D20190224143023293', '20.0', '425', '500.0', '2019-02-25', '未完成');
INSERT INTO `orders` VALUES ('4Oe1bed96b-2164-4a60-8535-c133791860e40', 'DO20190224171818', 'A20190223153727304', 'D20190223221125599', '31.0', '442', '1302.0', '2019-02-25', '完成');
INSERT INTO `orders` VALUES ('5O1e9ab8e4-d416-44be-83e0-c2645d906bb01', 'DO20190224171812', 'A20190223153727304', 'D20190223221125599', '20.0', '542', '840.0', '2019-02-26', '未完成');
INSERT INTO `orders` VALUES ('5O2743deee-d78f-4bd2-a4fa-f9c34018f57d2', 'DO20190224171818', 'A20190223153727304', 'D20190223221125599', '47.0', '542', '1974.0', '2019-02-26', '完成');
INSERT INTO `orders` VALUES ('5O32292501-555d-4037-b04f-1f750d49c33d3', 'DO20190224171738', 'A20190223153727304', 'D20190224143023293', '15.0', '525', '375.0', '2019-02-26', '未完成');
INSERT INTO `orders` VALUES ('5O54d3aec9-2250-4916-ace8-e5b484bf44324', 'DO20190224171759', 'A20190223153727304', 'D20190224143023293', '26.0', '525', '650.0', '2019-02-26', '完成');
INSERT INTO `orders` VALUES ('5O556310ef-a667-48a1-b1f5-4d3e14c179235', 'DO20190224171818', 'A20190223153727304', 'D20190223221125599', '33.0', '542', '1386.0', '2019-02-26', '未完成');
INSERT INTO `orders` VALUES ('5Oa762b794-2d47-40aa-8b0f-3b478381a29a6', 'DO20190224171806', 'A20190223153727304', 'D20190223221125599', '16.0', '542', '672.0', '2019-02-26', '完成');
INSERT INTO `orders` VALUES ('5Ob9102f9a-4a7b-4058-992a-31f24bf8dab17', 'DO20190224171755', 'A20190223153727304', 'D20190224143023293', '22.0', '525', '550.0', '2019-02-26', '未完成');
INSERT INTO `orders` VALUES ('5Oc966e450-2cf1-421e-8971-eb7cf66734518', 'DO20190224171749', 'A20190223153727304', 'D20190224143023293', '21.0', '525', '525.0', '2019-02-26', '完成');
INSERT INTO `orders` VALUES ('5Oc9a19a34-aa38-4ba4-9105-f5c55d70390e9', 'DO20190224171746', 'A20190223153727304', 'D20190224143023293', '20.0', '525', '500.0', '2019-02-26', '未完成');
INSERT INTO `orders` VALUES ('5Oe1bed96b-2164-4a60-8535-c133791860e40', 'DO20190224171818', 'A20190223153727304', 'D20190223221125599', '31.0', '542', '1302.0', '2019-02-26', '完成');
INSERT INTO `orders` VALUES ('7O1e9ab8e4-d416-44be-83e0-c2645d906bb01', 'DO20190224171812', 'A20190223153727304', 'D20190223221125599', '20.0', '742', '840.0', '2019-02-27', '未完成');
INSERT INTO `orders` VALUES ('7O2743deee-d78f-4bd2-a4fa-f9c34018f57d2', 'DO20190224171818', 'A20190223153727304', 'D20190223221125599', '47.0', '742', '1974.0', '2019-02-27', '完成');
INSERT INTO `orders` VALUES ('7O32292501-555d-4037-b04f-1f750d49c33d3', 'DO20190224171738', 'A20190223153727304', 'D20190224143023293', '15.0', '725', '375.0', '2019-02-27', '未完成');
INSERT INTO `orders` VALUES ('7O54d3aec9-2250-4916-ace8-e5b484bf44324', 'DO20190224171759', 'A20190223153727304', 'D20190224143023293', '26.0', '725', '650.0', '2019-02-27', '完成');
INSERT INTO `orders` VALUES ('7O556310ef-a667-48a1-b1f5-4d3e14c179235', 'DO20190224171818', 'A20190223153727304', 'D20190223221125599', '33.0', '742', '1386.0', '2019-02-27', '未完成');
INSERT INTO `orders` VALUES ('7Oa762b794-2d47-40aa-8b0f-3b478381a29a6', 'DO20190224171806', 'A20190223153727304', 'D20190223221125599', '16.0', '742', '672.0', '2019-02-27', '完成');
INSERT INTO `orders` VALUES ('7Ob9102f9a-4a7b-4058-992a-31f24bf8dab17', 'DO20190224171755', 'A20190223153727304', 'D20190224143023293', '22.0', '725', '550.0', '2019-02-27', '未完成');
INSERT INTO `orders` VALUES ('7Oc966e450-2cf1-421e-8971-eb7cf66734518', 'DO20190224171749', 'A20190223153727304', 'D20190224143023293', '21.0', '725', '525.0', '2019-02-27', '完成');
INSERT INTO `orders` VALUES ('7Oc9a19a34-aa38-4ba4-9105-f5c55d70390e9', 'DO20190224171746', 'A20190223153727304', 'D20190224143023293', '20.0', '725', '500.0', '2019-02-27', '未完成');
INSERT INTO `orders` VALUES ('7Oe1bed96b-2164-4a60-8535-c133791860e40', 'DO20190224171818', 'A20190223153727304', 'D20190223221125599', '31.0', '742', '1302.0', '2019-02-27', '完成');
INSERT INTO `orders` VALUES ('8O1e9ab8e4-d416-44be-83e0-c2645d906bb01', 'DO20190224171812', 'A20190223153727304', 'D20190223221125599', '20.0', '842', '840.0', '2019-02-28', '未完成');
INSERT INTO `orders` VALUES ('8O2743deee-d78f-4bd2-a4fa-f9c34018f57d2', 'DO20190224171818', 'A20190223153727304', 'D20190223221125599', '47.0', '842', '1974.0', '2019-02-28', '完成');
INSERT INTO `orders` VALUES ('8O32292501-555d-4037-b04f-1f750d49c33d3', 'DO20190224171738', 'A20190223153727304', 'D20190224143023293', '15.0', '825', '375.0', '2019-02-28', '未完成');
INSERT INTO `orders` VALUES ('8O54d3aec9-2250-4916-ace8-e5b484bf44324', 'DO20190224171759', 'A20190223153727304', 'D20190224143023293', '26.0', '825', '650.0', '2019-02-28', '完成');
INSERT INTO `orders` VALUES ('8O556310ef-a667-48a1-b1f5-4d3e14c179235', 'DO20190224171818', 'A20190223153727304', 'D20190223221125599', '33.0', '842', '1386.0', '2019-02-28', '未完成');
INSERT INTO `orders` VALUES ('8Oa762b794-2d47-40aa-8b0f-3b478381a29a6', 'DO20190224171806', 'A20190223153727304', 'D20190223221125599', '16.0', '842', '672.0', '2019-02-28', '完成');
INSERT INTO `orders` VALUES ('8Ob9102f9a-4a7b-4058-992a-31f24bf8dab17', 'DO20190224171755', 'A20190223153727304', 'D20190224143023293', '22.0', '825', '550.0', '2019-02-28', '未完成');
INSERT INTO `orders` VALUES ('8Oc966e450-2cf1-421e-8971-eb7cf66734518', 'DO20190224171749', 'A20190223153727304', 'D20190224143023293', '21.0', '825', '525.0', '2019-02-28', '完成');
INSERT INTO `orders` VALUES ('8Oc9a19a34-aa38-4ba4-9105-f5c55d70390e9', 'DO20190224171746', 'A20190223153727304', 'D20190224143023293', '20.0', '825', '500.0', '2019-02-28', '未完成');
INSERT INTO `orders` VALUES ('8Oe1bed96b-2164-4a60-8535-c133791860e40', 'DO20190224171818', 'A20190223153727304', 'D20190223221125599', '31.0', '842', '1302.0', '2019-02-28', '完成');
INSERT INTO `orders` VALUES ('9O1e9ab8e4-d416-44be-83e0-c2645d906bb01', 'DO20190224171812', 'A20190223153727304', 'D20190223221125599', '20.0', '942', '840.0', '2019-03-01', '未完成');
INSERT INTO `orders` VALUES ('9O2743deee-d78f-4bd2-a4fa-f9c34018f57d2', 'DO20190224171818', 'A20190223153727304', 'D20190223221125599', '47.0', '942', '1974.0', '2019-03-01', '完成');
INSERT INTO `orders` VALUES ('9O32292501-555d-4037-b04f-1f750d49c33d3', 'DO20190224171738', 'A20190223153727304', 'D20190224143023293', '15.0', '925', '375.0', '2019-03-01', '未完成');
INSERT INTO `orders` VALUES ('9O54d3aec9-2250-4916-ace8-e5b484bf44324', 'DO20190224171759', 'A20190223153727304', 'D20190224143023293', '26.0', '925', '650.0', '2019-03-01', '完成');
INSERT INTO `orders` VALUES ('9O556310ef-a667-48a1-b1f5-4d3e14c179235', 'DO20190224171818', 'A20190223153727304', 'D20190223221125599', '33.0', '942', '1386.0', '2019-03-01', '未完成');
INSERT INTO `orders` VALUES ('9Oa762b794-2d47-40aa-8b0f-3b478381a29a6', 'DO20190224171806', 'A20190223153727304', 'D20190223221125599', '16.0', '942', '672.0', '2019-03-01', '完成');
INSERT INTO `orders` VALUES ('9Ob9102f9a-4a7b-4058-992a-31f24bf8dab17', 'DO20190224171755', 'A20190223153727304', 'D20190224143023293', '22.0', '925', '550.0', '2019-03-01', '未完成');
INSERT INTO `orders` VALUES ('9Oc966e450-2cf1-421e-8971-eb7cf66734518', 'DO20190224171749', 'A20190223153727304', 'D20190224143023293', '21.0', '925', '525.0', '2019-03-01', '完成');
INSERT INTO `orders` VALUES ('9Oc9a19a34-aa38-4ba4-9105-f5c55d70390e9', 'DO20190224171746', 'A20190223153727304', 'D20190224143023293', '20.0', '825', '500.0', '2019-03-01', '未完成');
INSERT INTO `orders` VALUES ('9Oe1bed96b-2164-4a60-8535-c133791860e40', 'DO20190224171818', 'A20190223153727304', 'D20190223221125599', '31.0', '942', '1302.0', '2019-03-01', '完成');
INSERT INTO `orders` VALUES ('O1d199b49-d6e3-420d-98ab-d2c037f07e91', 'DO20190225132433', 'A20190225132055611', 'D20190223221125599', '4.0', '42', '168.0', '2019-02-25', '未完成');
INSERT INTO `orders` VALUES ('O1e9ab8e4-d416-44be-83e0-c2645d906bb0', 'DO20190224171812', 'A20190223153727304', 'D20190223221125599', '20.0', '42', '840.0', '2019-02-24', '未完成');
INSERT INTO `orders` VALUES ('O1e9ab8e4-d416-44be-83e0-c2645d906bb01', 'DO20190224171812', 'A20190223153727304', 'D20190223221125599', '20.0', '142', '840.0', '2019-02-20', '未完成');
INSERT INTO `orders` VALUES ('O2743deee-d78f-4bd2-a4fa-f9c34018f57d', 'DO20190224171818', 'A20190223153727304', 'D20190223221125599', '47.0', '42', '1974.0', '2019-02-24', '完成');
INSERT INTO `orders` VALUES ('O2743deee-d78f-4bd2-a4fa-f9c34018f57d2', 'DO20190224171818', 'A20190223153727304', 'D20190223221125599', '47.0', '242', '1974.0', '2019-02-20', '完成');
INSERT INTO `orders` VALUES ('O32292501-555d-4037-b04f-1f750d49c33d', 'DO20190224171738', 'A20190223153727304', 'D20190224143023293', '15.0', '25', '375.0', '2019-02-24', '未完成');
INSERT INTO `orders` VALUES ('O32292501-555d-4037-b04f-1f750d49c33d3', 'DO20190224171738', 'A20190223153727304', 'D20190224143023293', '15.0', '325', '375.0', '2019-02-20', '未完成');
INSERT INTO `orders` VALUES ('O54d3aec9-2250-4916-ace8-e5b484bf4432', 'DO20190224171759', 'A20190223153727304', 'D20190224143023293', '26.0', '25', '650.0', '2019-02-24', '完成');
INSERT INTO `orders` VALUES ('O54d3aec9-2250-4916-ace8-e5b484bf44324', 'DO20190224171759', 'A20190223153727304', 'D20190224143023293', '26.0', '425', '650.0', '2019-02-20', '完成');
INSERT INTO `orders` VALUES ('O556310ef-a667-48a1-b1f5-4d3e14c17923', 'DO20190224171818', 'A20190223153727304', 'D20190223221125599', '33.0', '42', '1386.0', '2019-02-24', '未完成');
INSERT INTO `orders` VALUES ('O556310ef-a667-48a1-b1f5-4d3e14c179235', 'DO20190224171818', 'A20190223153727304', 'D20190223221125599', '33.0', '542', '1386.0', '2019-02-20', '未完成');
INSERT INTO `orders` VALUES ('O82cbb431-1168-4d60-8bb6-42a47c06fa69', 'DO20190225132433', 'A20190225132055611', 'D20190225132154702', '2.0', '12', '24.0', '2019-02-25', '未完成');
INSERT INTO `orders` VALUES ('Oa762b794-2d47-40aa-8b0f-3b478381a29a', 'DO20190224171806', 'A20190223153727304', 'D20190223221125599', '16.0', '42', '672.0', '2019-02-24', '完成');
INSERT INTO `orders` VALUES ('Oa762b794-2d47-40aa-8b0f-3b478381a29a6', 'DO20190224171806', 'A20190223153727304', 'D20190223221125599', '16.0', '642', '672.0', '2019-02-20', '完成');
INSERT INTO `orders` VALUES ('Ob9102f9a-4a7b-4058-992a-31f24bf8dab1', 'DO20190224171755', 'A20190223153727304', 'D20190224143023293', '22.0', '25', '550.0', '2019-02-24', '未完成');
INSERT INTO `orders` VALUES ('Ob9102f9a-4a7b-4058-992a-31f24bf8dab17', 'DO20190224171755', 'A20190223153727304', 'D20190224143023293', '22.0', '725', '550.0', '2019-02-20', '未完成');
INSERT INTO `orders` VALUES ('Oc966e450-2cf1-421e-8971-eb7cf6673451', 'DO20190224171749', 'A20190223153727304', 'D20190224143023293', '21.0', '25', '525.0', '2019-02-24', '完成');
INSERT INTO `orders` VALUES ('Oc966e450-2cf1-421e-8971-eb7cf66734518', 'DO20190224171749', 'A20190223153727304', 'D20190224143023293', '21.0', '825', '525.0', '2019-02-20', '完成');
INSERT INTO `orders` VALUES ('Oc9a19a34-aa38-4ba4-9105-f5c55d70390e', 'DO20190224171746', 'A20190223153727304', 'D20190224143023293', '20.0', '25', '500.0', '2019-02-24', '未完成');
INSERT INTO `orders` VALUES ('Oc9a19a34-aa38-4ba4-9105-f5c55d70390e9', 'DO20190224171746', 'A20190223153727304', 'D20190224143023293', '20.0', '925', '500.0', '2019-02-20', '未完成');
INSERT INTO `orders` VALUES ('Oe1bed96b-2164-4a60-8535-c133791860e4', 'DO20190224171818', 'A20190223153727304', 'D20190223221125599', '31.0', '42', '1302.0', '2019-02-24', '完成');
INSERT INTO `orders` VALUES ('Oe1bed96b-2164-4a60-8535-c133791860e40', 'DO20190224171818', 'A20190223153727304', 'D20190223221125599', '31.0', '242', '1302.0', '2019-02-20', '完成');
INSERT INTO `orders` VALUES ('x0O1e9ab8e4-d416-44be-83e0-c2645d906bb01', 'DO20190224171812', 'A20190223153727304', 'D20190223221125599', '20.0', '442', '840.0', '2018-03-02', '未完成');
INSERT INTO `orders` VALUES ('x0O2743deee-d78f-4bd2-a4fa-f9c34018f57d2', 'DO20190224171818', 'A20190223153727304', 'D20190223221125599', '47.0', '942', '1974.0', '2018-03-02', '完成');
INSERT INTO `orders` VALUES ('x0O32292501-555d-4037-b04f-1f750d49c33d3', 'DO20190224171738', 'A20190223153727304', 'D20190224143023293', '15.0', '825', '375.0', '2018-03-02', '未完成');
INSERT INTO `orders` VALUES ('x0O54d3aec9-2250-4916-ace8-e5b484bf44324', 'DO20190224171759', 'A20190223153727304', 'D20190224143023293', '26.0', '725', '650.0', '2018-03-02', '完成');
INSERT INTO `orders` VALUES ('x0O556310ef-a667-48a1-b1f5-4d3e14c179235', 'DO20190224171818', 'A20190223153727304', 'D20190223221125599', '33.0', '642', '1386.0', '2018-03-02', '未完成');
INSERT INTO `orders` VALUES ('x0Oa762b794-2d47-40aa-8b0f-3b478381a29a6', 'DO20190224171806', 'A20190223153727304', 'D20190223221125599', '16.0', '542', '672.0', '2018-03-02', '完成');
INSERT INTO `orders` VALUES ('x0Ob9102f9a-4a7b-4058-992a-31f24bf8dab17', 'DO20190224171755', 'A20190223153727304', 'D20190224143023293', '22.0', '425', '550.0', '2018-03-02', '未完成');
INSERT INTO `orders` VALUES ('x0Oc966e450-2cf1-421e-8971-eb7cf66734518', 'DO20190224171749', 'A20190223153727304', 'D20190224143023293', '21.0', '325', '525.0', '2018-03-02', '完成');
INSERT INTO `orders` VALUES ('x0Oc9a19a34-aa38-4ba4-9105-f5c55d70390e9', 'DO20190224171746', 'A20190223153727304', 'D20190224143023293', '20.0', '225', '500.0', '2018-03-02', '未完成');
INSERT INTO `orders` VALUES ('x0Oe1bed96b-2164-4a60-8535-c133791860e40', 'DO20190224171818', 'A20190223153727304', 'D20190223221125599', '31.0', '142', '1302.0', '2018-03-02', '完成');
INSERT INTO `orders` VALUES ('x1O1e9ab8e4-d416-44be-83e0-c2645d906bb01', 'DO20190224171812', 'A20190223153727304', 'D20190223221125599', '20.0', '142', '840.0', '2018-02-11', '未完成');
INSERT INTO `orders` VALUES ('x1O2743deee-d78f-4bd2-a4fa-f9c34018f57d2', 'DO20190224171818', 'A20190223153727304', 'D20190223221125599', '47.0', '142', '1974.0', '2018-02-11', '完成');
INSERT INTO `orders` VALUES ('x1O32292501-555d-4037-b04f-1f750d49c33d3', 'DO20190224171738', 'A20190223153727304', 'D20190224143023293', '15.0', '125', '375.0', '2018-02-11', '未完成');
INSERT INTO `orders` VALUES ('x1O54d3aec9-2250-4916-ace8-e5b484bf44324', 'DO20190224171759', 'A20190223153727304', 'D20190224143023293', '26.0', '125', '650.0', '2018-02-11', '完成');
INSERT INTO `orders` VALUES ('x1O556310ef-a667-48a1-b1f5-4d3e14c179235', 'DO20190224171818', 'A20190223153727304', 'D20190223221125599', '33.0', '142', '1386.0', '2018-02-11', '未完成');
INSERT INTO `orders` VALUES ('x1Oa762b794-2d47-40aa-8b0f-3b478381a29a6', 'DO20190224171806', 'A20190223153727304', 'D20190223221125599', '16.0', '142', '672.0', '2018-02-11', '完成');
INSERT INTO `orders` VALUES ('x1Ob9102f9a-4a7b-4058-992a-31f24bf8dab17', 'DO20190224171755', 'A20190223153727304', 'D20190224143023293', '22.0', '125', '550.0', '2018-02-11', '未完成');
INSERT INTO `orders` VALUES ('x1Oc966e450-2cf1-421e-8971-eb7cf66734518', 'DO20190224171749', 'A20190223153727304', 'D20190224143023293', '21.0', '125', '525.0', '2018-02-11', '完成');
INSERT INTO `orders` VALUES ('x1Oc9a19a34-aa38-4ba4-9105-f5c55d70390e9', 'DO20190224171746', 'A20190223153727304', 'D20190224143023293', '20.0', '125', '500.0', '2018-02-11', '未完成');
INSERT INTO `orders` VALUES ('x1Oe1bed96b-2164-4a60-8535-c133791860e40', 'DO20190224171818', 'A20190223153727304', 'D20190223221125599', '31.0', '142', '1302.0', '2018-02-11', '完成');
INSERT INTO `orders` VALUES ('x2O1e9ab8e4-d416-44be-83e0-c2645d906bb01', 'DO20190224171812', 'A20190223153727304', 'D20190223221125599', '20.0', '242', '840.0', '2018-02-12', '未完成');
INSERT INTO `orders` VALUES ('x2O2743deee-d78f-4bd2-a4fa-f9c34018f57d2', 'DO20190224171818', 'A20190223153727304', 'D20190223221125599', '47.0', '342', '1974.0', '2018-02-12', '完成');
INSERT INTO `orders` VALUES ('x2O32292501-555d-4037-b04f-1f750d49c33d3', 'DO20190224171738', 'A20190223153727304', 'D20190224143023293', '15.0', '425', '375.0', '2018-02-12', '未完成');
INSERT INTO `orders` VALUES ('x2O54d3aec9-2250-4916-ace8-e5b484bf44324', 'DO20190224171759', 'A20190223153727304', 'D20190224143023293', '26.0', '525', '650.0', '2018-02-12', '完成');
INSERT INTO `orders` VALUES ('x2O556310ef-a667-48a1-b1f5-4d3e14c179235', 'DO20190224171818', 'A20190223153727304', 'D20190223221125599', '33.0', '642', '1386.0', '2018-02-12', '未完成');
INSERT INTO `orders` VALUES ('x2Oa762b794-2d47-40aa-8b0f-3b478381a29a6', 'DO20190224171806', 'A20190223153727304', 'D20190223221125599', '16.0', '742', '672.0', '2018-02-12', '完成');
INSERT INTO `orders` VALUES ('x2Ob9102f9a-4a7b-4058-992a-31f24bf8dab17', 'DO20190224171755', 'A20190223153727304', 'D20190224143023293', '22.0', '825', '550.0', '2018-02-12', '未完成');
INSERT INTO `orders` VALUES ('x2Oc966e450-2cf1-421e-8971-eb7cf66734518', 'DO20190224171749', 'A20190223153727304', 'D20190224143023293', '21.0', '925', '525.0', '2018-02-12', '完成');
INSERT INTO `orders` VALUES ('x2Oc9a19a34-aa38-4ba4-9105-f5c55d70390e9', 'DO20190224171746', 'A20190223153727304', 'D20190224143023293', '20.0', '125', '500.0', '2018-02-12', '未完成');
INSERT INTO `orders` VALUES ('x2Oe1bed96b-2164-4a60-8535-c133791860e40', 'DO20190224171818', 'A20190223153727304', 'D20190223221125599', '31.0', '242', '1302.0', '2018-02-12', '完成');
INSERT INTO `orders` VALUES ('x3O1e9ab8e4-d416-44be-83e0-c2645d906bb01', 'DO20190224171812', 'A20190223153727304', 'D20190223221125599', '20.0', '342', '840.0', '2018-02-13', '未完成');
INSERT INTO `orders` VALUES ('x3O2743deee-d78f-4bd2-a4fa-f9c34018f57d2', 'DO20190224171818', 'A20190223153727304', 'D20190223221125599', '47.0', '342', '1974.0', '2018-02-13', '完成');
INSERT INTO `orders` VALUES ('x3O32292501-555d-4037-b04f-1f750d49c33d3', 'DO20190224171738', 'A20190223153727304', 'D20190224143023293', '15.0', '325', '375.0', '2018-02-13', '未完成');
INSERT INTO `orders` VALUES ('x3O54d3aec9-2250-4916-ace8-e5b484bf44324', 'DO20190224171759', 'A20190223153727304', 'D20190224143023293', '26.0', '325', '650.0', '2018-02-13', '完成');
INSERT INTO `orders` VALUES ('x3O556310ef-a667-48a1-b1f5-4d3e14c179235', 'DO20190224171818', 'A20190223153727304', 'D20190223221125599', '33.0', '342', '1386.0', '2018-02-13', '未完成');
INSERT INTO `orders` VALUES ('x3Oa762b794-2d47-40aa-8b0f-3b478381a29a6', 'DO20190224171806', 'A20190223153727304', 'D20190223221125599', '16.0', '342', '672.0', '2018-02-13', '完成');
INSERT INTO `orders` VALUES ('x3Ob9102f9a-4a7b-4058-992a-31f24bf8dab17', 'DO20190224171755', 'A20190223153727304', 'D20190224143023293', '22.0', '325', '550.0', '2018-02-13', '未完成');
INSERT INTO `orders` VALUES ('x3Oc966e450-2cf1-421e-8971-eb7cf66734518', 'DO20190224171749', 'A20190223153727304', 'D20190224143023293', '21.0', '325', '525.0', '2018-02-13', '完成');
INSERT INTO `orders` VALUES ('x3Oc9a19a34-aa38-4ba4-9105-f5c55d70390e9', 'DO20190224171746', 'A20190223153727304', 'D20190224143023293', '20.0', '325', '500.0', '2018-02-13', '未完成');
INSERT INTO `orders` VALUES ('x3Oe1bed96b-2164-4a60-8535-c133791860e40', 'DO20190224171818', 'A20190223153727304', 'D20190223221125599', '31.0', '342', '1302.0', '2018-02-13', '完成');
INSERT INTO `orders` VALUES ('x4O1e9ab8e4-d416-44be-83e0-c2645d906bb01', 'DO20190224171812', 'A20190223153727304', 'D20190223221125599', '20.0', '442', '840.0', '2018-02-15', '未完成');
INSERT INTO `orders` VALUES ('x4O2743deee-d78f-4bd2-a4fa-f9c34018f57d2', 'DO20190224171818', 'A20190223153727304', 'D20190223221125599', '47.0', '442', '1974.0', '2018-02-15', '完成');
INSERT INTO `orders` VALUES ('x4O32292501-555d-4037-b04f-1f750d49c33d3', 'DO20190224171738', 'A20190223153727304', 'D20190224143023293', '15.0', '425', '375.0', '2018-02-15', '未完成');
INSERT INTO `orders` VALUES ('x4O54d3aec9-2250-4916-ace8-e5b484bf44324', 'DO20190224171759', 'A20190223153727304', 'D20190224143023293', '26.0', '425', '650.0', '2018-02-15', '完成');
INSERT INTO `orders` VALUES ('x4O556310ef-a667-48a1-b1f5-4d3e14c179235', 'DO20190224171818', 'A20190223153727304', 'D20190223221125599', '33.0', '442', '1386.0', '2018-02-15', '未完成');
INSERT INTO `orders` VALUES ('x4Oa762b794-2d47-40aa-8b0f-3b478381a29a6', 'DO20190224171806', 'A20190223153727304', 'D20190223221125599', '16.0', '442', '672.0', '2018-02-15', '完成');
INSERT INTO `orders` VALUES ('x4Ob9102f9a-4a7b-4058-992a-31f24bf8dab17', 'DO20190224171755', 'A20190223153727304', 'D20190224143023293', '22.0', '425', '550.0', '2018-02-15', '未完成');
INSERT INTO `orders` VALUES ('x4Oc966e450-2cf1-421e-8971-eb7cf66734518', 'DO20190224171749', 'A20190223153727304', 'D20190224143023293', '21.0', '425', '525.0', '2018-02-15', '完成');
INSERT INTO `orders` VALUES ('x4Oc9a19a34-aa38-4ba4-9105-f5c55d70390e9', 'DO20190224171746', 'A20190223153727304', 'D20190224143023293', '20.0', '425', '500.0', '2018-02-15', '未完成');
INSERT INTO `orders` VALUES ('x4Oe1bed96b-2164-4a60-8535-c133791860e40', 'DO20190224171818', 'A20190223153727304', 'D20190223221125599', '31.0', '442', '1302.0', '2018-02-15', '完成');
INSERT INTO `orders` VALUES ('x5O1e9ab8e4-d416-44be-83e0-c2645d906bb01', 'DO20190224171812', 'A20190223153727304', 'D20190223221125599', '20.0', '542', '840.0', '2018-02-16', '未完成');
INSERT INTO `orders` VALUES ('x5O2743deee-d78f-4bd2-a4fa-f9c34018f57d2', 'DO20190224171818', 'A20190223153727304', 'D20190223221125599', '47.0', '542', '1974.0', '2018-02-16', '完成');
INSERT INTO `orders` VALUES ('x5O32292501-555d-4037-b04f-1f750d49c33d3', 'DO20190224171738', 'A20190223153727304', 'D20190224143023293', '15.0', '525', '375.0', '2018-02-16', '未完成');
INSERT INTO `orders` VALUES ('x5O54d3aec9-2250-4916-ace8-e5b484bf44324', 'DO20190224171759', 'A20190223153727304', 'D20190224143023293', '26.0', '525', '650.0', '2018-02-16', '完成');
INSERT INTO `orders` VALUES ('x5O556310ef-a667-48a1-b1f5-4d3e14c179235', 'DO20190224171818', 'A20190223153727304', 'D20190223221125599', '33.0', '542', '1386.0', '2018-02-16', '未完成');
INSERT INTO `orders` VALUES ('x5Oa762b794-2d47-40aa-8b0f-3b478381a29a6', 'DO20190224171806', 'A20190223153727304', 'D20190223221125599', '16.0', '542', '672.0', '2018-02-16', '完成');
INSERT INTO `orders` VALUES ('x5Ob9102f9a-4a7b-4058-992a-31f24bf8dab17', 'DO20190224171755', 'A20190223153727304', 'D20190224143023293', '22.0', '525', '550.0', '2018-02-16', '未完成');
INSERT INTO `orders` VALUES ('x5Oc966e450-2cf1-421e-8971-eb7cf66734518', 'DO20190224171749', 'A20190223153727304', 'D20190224143023293', '21.0', '525', '525.0', '2018-02-16', '完成');
INSERT INTO `orders` VALUES ('x5Oc9a19a34-aa38-4ba4-9105-f5c55d70390e9', 'DO20190224171746', 'A20190223153727304', 'D20190224143023293', '20.0', '525', '500.0', '2018-02-16', '未完成');
INSERT INTO `orders` VALUES ('x5Oe1bed96b-2164-4a60-8535-c133791860e40', 'DO20190224171818', 'A20190223153727304', 'D20190223221125599', '31.0', '542', '1302.0', '2018-02-16', '完成');
INSERT INTO `orders` VALUES ('x7O1e9ab8e4-d416-44be-83e0-c2645d906bb01', 'DO20190224171812', 'A20190223153727304', 'D20190223221125599', '20.0', '742', '840.0', '2018-02-17', '未完成');
INSERT INTO `orders` VALUES ('x7O2743deee-d78f-4bd2-a4fa-f9c34018f57d2', 'DO20190224171818', 'A20190223153727304', 'D20190223221125599', '47.0', '742', '1974.0', '2018-02-17', '完成');
INSERT INTO `orders` VALUES ('x7O32292501-555d-4037-b04f-1f750d49c33d3', 'DO20190224171738', 'A20190223153727304', 'D20190224143023293', '15.0', '725', '375.0', '2018-02-17', '未完成');
INSERT INTO `orders` VALUES ('x7O54d3aec9-2250-4916-ace8-e5b484bf44324', 'DO20190224171759', 'A20190223153727304', 'D20190224143023293', '26.0', '725', '650.0', '2018-02-17', '完成');
INSERT INTO `orders` VALUES ('x7O556310ef-a667-48a1-b1f5-4d3e14c179235', 'DO20190224171818', 'A20190223153727304', 'D20190223221125599', '33.0', '742', '1386.0', '2018-02-17', '未完成');
INSERT INTO `orders` VALUES ('x7Oa762b794-2d47-40aa-8b0f-3b478381a29a6', 'DO20190224171806', 'A20190223153727304', 'D20190223221125599', '16.0', '742', '672.0', '2018-02-17', '完成');
INSERT INTO `orders` VALUES ('x7Ob9102f9a-4a7b-4058-992a-31f24bf8dab17', 'DO20190224171755', 'A20190223153727304', 'D20190224143023293', '22.0', '725', '550.0', '2018-02-17', '未完成');
INSERT INTO `orders` VALUES ('x7Oc966e450-2cf1-421e-8971-eb7cf66734518', 'DO20190224171749', 'A20190223153727304', 'D20190224143023293', '21.0', '725', '525.0', '2018-02-17', '完成');
INSERT INTO `orders` VALUES ('x7Oc9a19a34-aa38-4ba4-9105-f5c55d70390e9', 'DO20190224171746', 'A20190223153727304', 'D20190224143023293', '20.0', '725', '500.0', '2018-02-17', '未完成');
INSERT INTO `orders` VALUES ('x7Oe1bed96b-2164-4a60-8535-c133791860e40', 'DO20190224171818', 'A20190223153727304', 'D20190223221125599', '31.0', '742', '1302.0', '2018-02-17', '完成');
INSERT INTO `orders` VALUES ('x8O1e9ab8e4-d416-44be-83e0-c2645d906bb01', 'DO20190224171812', 'A20190223153727304', 'D20190223221125599', '20.0', '842', '840.0', '2018-02-18', '未完成');
INSERT INTO `orders` VALUES ('x8O2743deee-d78f-4bd2-a4fa-f9c34018f57d2', 'DO20190224171818', 'A20190223153727304', 'D20190223221125599', '47.0', '842', '1974.0', '2018-02-18', '完成');
INSERT INTO `orders` VALUES ('x8O32292501-555d-4037-b04f-1f750d49c33d3', 'DO20190224171738', 'A20190223153727304', 'D20190224143023293', '15.0', '825', '375.0', '2018-02-18', '未完成');
INSERT INTO `orders` VALUES ('x8O54d3aec9-2250-4916-ace8-e5b484bf44324', 'DO20190224171759', 'A20190223153727304', 'D20190224143023293', '26.0', '825', '650.0', '2018-02-18', '完成');
INSERT INTO `orders` VALUES ('x8O556310ef-a667-48a1-b1f5-4d3e14c179235', 'DO20190224171818', 'A20190223153727304', 'D20190223221125599', '33.0', '842', '1386.0', '2018-02-18', '未完成');
INSERT INTO `orders` VALUES ('x8Oa762b794-2d47-40aa-8b0f-3b478381a29a6', 'DO20190224171806', 'A20190223153727304', 'D20190223221125599', '16.0', '842', '672.0', '2018-02-18', '完成');
INSERT INTO `orders` VALUES ('x8Ob9102f9a-4a7b-4058-992a-31f24bf8dab17', 'DO20190224171755', 'A20190223153727304', 'D20190224143023293', '22.0', '825', '550.0', '2018-02-18', '未完成');
INSERT INTO `orders` VALUES ('x8Oc966e450-2cf1-421e-8971-eb7cf66734518', 'DO20190224171749', 'A20190223153727304', 'D20190224143023293', '21.0', '825', '525.0', '2018-02-18', '完成');
INSERT INTO `orders` VALUES ('x8Oc9a19a34-aa38-4ba4-9105-f5c55d70390e9', 'DO20190224171746', 'A20190223153727304', 'D20190224143023293', '20.0', '825', '500.0', '2018-02-18', '未完成');
INSERT INTO `orders` VALUES ('x8Oe1bed96b-2164-4a60-8535-c133791860e40', 'DO20190224171818', 'A20190223153727304', 'D20190223221125599', '31.0', '842', '1302.0', '2018-02-18', '完成');
INSERT INTO `orders` VALUES ('x9O1e9ab8e4-d416-44be-83e0-c2645d906bb01', 'DO20190224171812', 'A20190223153727304', 'D20190223221125599', '20.0', '942', '840.0', '2018-02-14', '完成');
INSERT INTO `orders` VALUES ('x9O2743deee-d78f-4bd2-a4fa-f9c34018f57d2', 'DO20190224171818', 'A20190223153727304', 'D20190223221125599', '47.0', '942', '1974.0', '2018-02-14', '完成');
INSERT INTO `orders` VALUES ('x9O32292501-555d-4037-b04f-1f750d49c33d3', 'DO20190224171738', 'A20190223153727304', 'D20190224143023293', '15.0', '925', '375.0', '2018-02-14', '完成');
INSERT INTO `orders` VALUES ('x9O54d3aec9-2250-4916-ace8-e5b484bf44324', 'DO20190224171759', 'A20190223153727304', 'D20190224143023293', '26.0', '925', '650.0', '2018-02-14', '完成');
INSERT INTO `orders` VALUES ('x9O556310ef-a667-48a1-b1f5-4d3e14c179235', 'DO20190224171818', 'A20190223153727304', 'D20190223221125599', '33.0', '942', '1386.0', '2018-02-14', '完成');
INSERT INTO `orders` VALUES ('x9Oa762b794-2d47-40aa-8b0f-3b478381a29a6', 'DO20190224171806', 'A20190223153727304', 'D20190223221125599', '16.0', '942', '672.0', '2018-02-14', '完成');
INSERT INTO `orders` VALUES ('x9Ob9102f9a-4a7b-4058-992a-31f24bf8dab17', 'DO20190224171755', 'A20190223153727304', 'D20190224143023293', '22.0', '925', '550.0', '2018-02-14', '未完成');
INSERT INTO `orders` VALUES ('x9Oc966e450-2cf1-421e-8971-eb7cf66734518', 'DO20190224171749', 'A20190223153727304', 'D20190224143023293', '21.0', '925', '525.0', '2018-02-14', '完成');
INSERT INTO `orders` VALUES ('x9Oc9a19a34-aa38-4ba4-9105-f5c55d70390e9', 'DO20190224171746', 'A20190223153727304', 'D20190224143023293', '20.0', '825', '500.0', '2018-02-14', '未完成');
INSERT INTO `orders` VALUES ('x9Oe1bed96b-2164-4a60-8535-c133791860e40', 'DO20190224171818', 'A20190223153727304', 'D20190223221125599', '31.0', '942', '1302.0', '2018-02-14', '完成');
INSERT INTO `orders` VALUES ('xO1e9ab8e4-d416-44be-83e0-c2645d906bb01', 'DO20190224171812', 'A20190223153727304', 'D20190223221125599', '20.0', '142', '840.0', '2018-02-10', '完成');
INSERT INTO `orders` VALUES ('xO2743deee-d78f-4bd2-a4fa-f9c34018f57d2', 'DO20190224171818', 'A20190223153727304', 'D20190223221125599', '47.0', '242', '1974.0', '2018-02-10', '完成');
INSERT INTO `orders` VALUES ('xO32292501-555d-4037-b04f-1f750d49c33d3', 'DO20190224171738', 'A20190223153727304', 'D20190224143023293', '15.0', '325', '375.0', '2018-02-10', '完成');
INSERT INTO `orders` VALUES ('xO54d3aec9-2250-4916-ace8-e5b484bf44324', 'DO20190224171759', 'A20190223153727304', 'D20190224143023293', '26.0', '425', '650.0', '2018-02-10', '完成');
INSERT INTO `orders` VALUES ('xO556310ef-a667-48a1-b1f5-4d3e14c179235', 'DO20190224171818', 'A20190223153727304', 'D20190223221125599', '33.0', '542', '1386.0', '2018-02-10', '完成');
INSERT INTO `orders` VALUES ('xOa762b794-2d47-40aa-8b0f-3b478381a29a6', 'DO20190224171806', 'A20190223153727304', 'D20190223221125599', '16.0', '642', '672.0', '2018-02-10', '完成');
INSERT INTO `orders` VALUES ('xOb9102f9a-4a7b-4058-992a-31f24bf8dab17', 'DO20190224171755', 'A20190223153727304', 'D20190224143023293', '22.0', '725', '550.0', '2018-02-10', '完成');
INSERT INTO `orders` VALUES ('xOc966e450-2cf1-421e-8971-eb7cf66734518', 'DO20190224171749', 'A20190223153727304', 'D20190224143023293', '21.0', '825', '525.0', '2018-02-10', '完成');
INSERT INTO `orders` VALUES ('xOc9a19a34-aa38-4ba4-9105-f5c55d70390e9', 'DO20190224171746', 'A20190223153727304', 'D20190224143023293', '20.0', '925', '500.0', '2018-02-10', '完成');
INSERT INTO `orders` VALUES ('xOe1bed96b-2164-4a60-8535-c133791860e40', 'DO20190224171818', 'A20190223153727304', 'D20190223221125599', '31.0', '242', '1302.0', '2018-02-10', '完成');
